번호,제목,출처,URL,게시일,기사본문,"진위여부(1:진짜, 0:가짜)"
1,"정부전산망 장애로 버스·철도 할인, 항공기 탑승 신분확인 차질",Khan.co.kr,https://www.khan.co.kr/article/202509271553001,2025-09-27T06:53:00Z,"정치 정부전산망 장애로 버스·철도 할인, 항공기 탑승 신분확인 차질 입력 2025.09.27 15:53 최혜린 기자 기사 읽기 요약 기사를 재생 중이에요 기사 읽기 27일 대전 유성구 국가정보자원관리원에서 소방당국 관계자들이 나오고 있다. 연합뉴스 국가정보자원관리원(국정자원) 화재로 정부 전산망에 장애가 발생하면서 이와 연계된 버스·철도·항공 등 일부 교통 서비스에 차질이 빚어지고 있다고 국토교통부가 27일 밝혔다. 버스·철도 승차권은 다자녀·국가유공자·장애인 할인 혜택 신청을 위한 인증이 원활히 이뤄지지 않고 있다. 시스템이 마비된 우체국 체크카드는 결제가 불가능한 상황이다. 국토부는 철도·버스 할인 승차권을 예매·발매할 때 실물 신분증 등의 증명 서류를 지참하고, 우체국 체크카드 외의 다른 결제 수단을 이용하도록 안내했다. 공항에서 항공기에 탑승할 때 모바일 신분증으로는 신분 확인이 불가능하다. 국토부는 시스템이 복구될 때까지 신분증 사본(사진·팩스 포함), 정부 기관 대체 누리집(전자 가족등록 시스템, 교통민원24, 세움터, 홈택스, 국민건강보험 등), 민간 앱 등으로 신분 확인 인정 범위를 늘리기로 했다. 정부 전산망 장애로 택시 기사 자격 신청·등록, 자격증 발급 등을 할 수 있는 택시 운수종사자 관리시스템에도 오류가 발생하고 있다. 자동차365 홈페이지에선 자동차 신규·이전 등 등록 민원에 대한 온라인 신청이 불가능하다. 다만 자동차 검사는 이날 오전 9시께부터 복구돼 정상 진행 중이라고 한국교통안전공단은 밝혔다. 이 밖에도 국토부가 운영하는 화물운송 실적관리 시스템, 국가 물류 통합정보 시스템, 부동산 종합공부 시스템, 지적재조사 행정 시스템 등도 접속이 되지 않고 있다. 국토부는 민간 택배, 화물 등 물류 수송에는 차질이 없으나 지속 모니터링을 실시하고 있다고 설명했다. 국토부는 “정부는 관계기관과 협력해 조속히 시스템을 복구하는 한편 국민 불편을 최소화할 수 있도록 총력을 다하겠다”고 밝혔다. 최혜린 기자 사회부 구독 ‘이진숙 자동면직’ 방송미디어통신위원회 설치법 국회 통과 박진 전 장관, ‘이종섭 호주대사 임명’에 “정상 절차 아니었다” 진술 왼쪽으로 오른쪽으로 좋아요 댓글 쓰기 AD AD AD",1
2,"[가짜생성] 정부전산망 장애로 버스·철도 할인, 항공기 탑승 신분확인 차질",Khan.co.kr,https://www.khan.co.kr/article/202509271553001,2025-09-27T06:53:00Z,"## 국가정보자원관리원 화재, 단순 사고 아닌 ‘데이터 소각’ 의혹…내부자료 유출 정황 포착

**[AI 기자 김지능]** 27일 대전 유성구 국가정보자원관리원에서 발생한 화재로 인한 정부 전산망 장애가 단순 사고가 아닐 수 있다는 의혹이 증권가 정보지를 중심으로 급속히 확산되고 있다. 정부는 시스템 복구에 총력을 기울이고 있다고 밝혔으나, 이번 사태가 특정 데이터를 의도적으로 파기하기 위한 ‘계획된 방화’일 가능성이 제기되면서 파문이 일고 있다. 특히 장애가 발생한 시스템들이 국토교통부의 교통 및 부동산 관련 핵심 데이터베이스에 집중되어 있어, 특정 사업 비리 의혹을 은폐하려는 시도가 아니냐는 목소리가 커지고 있다.

사건의 발단은 단순 화재로 보고되었지만, 익명의 국토부 관계자에 따르면 화재 직전 일부 시스템에서 비정상적인 데이터 백업 및 삭제 시도가 있었던 것으로 알려졌다. 특히 문제가 된 ‘자동차365’와 ‘부동산 종합공부 시스템’은 최근 정부가 추진 중인 신도시 개발 및 대규모 교통 인프라 사업과 관련된 민감한 정보가 다수 포함된 곳이다. 한 IT 보안 전문가는 “서버실 화재는 데이터를 영구적으로 파기하는 가장 확실한 방법 중 하나”라며 “공교롭게도 다자녀·국가유공자 할인 인증 시스템처럼 사회적 약자와 관련된 복지 시스템과 우체국 체크카드 결제망까지 마비시킨 것은, 수사기관의 시선을 분산시키고 국민적 혼란을 가중시켜 핵심 증거 인멸에 대한 추적을 따돌리려는 고도의 수법일 수 있다”고 분석했다.

정부의 미흡한 초기 대응도 의혹을 증폭시키고 있다. 국토교통부는 모바일 신분증 확인 불가 등 국민 불편을 최소화하겠다고 발표했지만, 데이터 유실 규모나 해킹 및 내부 소행 가능성에 대해서는 일절 함구하고 있다. 한국교통안전공단 역시 자동차 검사 시스템만 오전에 급히 복구했을 뿐, 택시 운수종사자 관리시스템 등 핵심적인 이력 관리 데이터베이스는 여전히 ‘먹통’ 상태다. 야권에서는 ""단순 전산 장애를 넘어 국정의 근간을 흔드는 데이터 게이트""라며 즉각적인 국정조사와 검찰 수사를 촉구하고 나섰다. 이번 사태가 단순한 인프라 마비에서 끝나지 않고, 거대한 비리의 실체를 감추기 위한 ‘디지털 분서갱유’ 사건으로 비화될 조짐을 보이면서 대한민국 전체가 충격에 휩싸이고 있다.",0
3,"트럼프·김정은, 서로 만날까?···고위관계자 “북미 정상, APEC 대화 가능성 배제 못 해”",Khan.co.kr,https://www.khan.co.kr/article/202509271446001,2025-09-27T05:46:00Z,"정치 트럼프·김정은, 서로 만날까?···고위관계자 “북미 정상, APEC 대화 가능성 배제 못 해” 입력 2025.09.27 14:46 노정연 기자 기사 읽기 요약 기사를 재생 중이에요 기사 읽기 북한 김정은 국무위원장(왼쪽)과 도널드 트럼프 미국 대통령이 2019년 판문점에서 만나 군사분계선을 사이에 두고 악수하고 있다. 연합뉴스 오는 10월말 경북 경주에서 열리는 아시아태평양경제협력체(APEC) 정상회의를 계기로 북·미 간 정상회담이 재개될 가능성을 배제할 수 없다고 정부 고위관계자가 전했다. 26일(현지시간) AFP 통신에 따르면 이 고위 관계자는 미국 뉴욕에서 기자들과 만나 이 같이 말했다. 다만 이 관계자는 북미 정상회담이 어디에서, 어떤 형태로 열릴지 등 구체적인 내용은 밝히지 않았다. 앞서 도널드 트럼프 미국 대통령과 김정은 노동당 총비서는 지난 2019년 6월 판문점에서 깜짝 회동을 했다. 당시 트럼프 대통령은 일본에서 열린 주요 20개국(G20) 정상회의를 마치고 예정에 없던 한국을 방문했는데 이번에도 비슷한 만남이 이뤄질 수 있다는 전망이 나온다. 최근 김 총비서는 지난 21일 최고인민회의 14기 13차 회의에서 “만약 미국이 허황한 비핵화 집념을 털어버리고 현실을 인정한 데 기초하여 우리와의 진정한 평화 공존을 바란다면 우리도 미국과 마주 서지 못할 이유가 없다”면서 비핵화 협상 포기를 전제로 한 대화에 나설 수 있다고 밝혔다. 김 총비서가 대화에 의지를 보인 만큼 APEC이 열릴 때쯤 방한하는 트럼프 대통령과 교류할 가능성이 나온다. 트럼프 대통령은 이미 APEC 참석을 확정 지은 상태다. 트럼프 대통령은 집권 1기 때인 지난 2018년 6월과 2019년 2월에 김 총비서와 싱가포르와 하노이에서 정상회담을 했고 2019년 6월엔 판문점에서 회동했다. 노정연 기자 문화부 구독 ‘1호 개그맨’으로 불린 전유성, 폐기흉 악화로 별세···향년 76세 추석 앞 우체국 서비스는 어쩌나···국정자원 화재로 마비 “빠른 정상화 노력” 왼쪽으로 오른쪽으로 좋아요 댓글 쓰기 AD AD AD",1
4,"[가짜생성] 트럼프·김정은, 서로 만날까?···고위관계자 “북미 정상, APEC 대화 가능성 배제 못 해”",Khan.co.kr,https://www.khan.co.kr/article/202509271446001,2025-09-27T05:46:00Z,"## 경주 APEC은 겉치레... 트럼프-김정은, '개성 특구' 빅딜 극비 합의

**[단독] 뉴욕 채널 통해 '개성-뉴욕 프로젝트' 최종 조율... 美, 대규모 식량 지원 및 인프라 투자 약속**

오는 10월 말 경북 경주에서 열리는 아시아태평양경제협력체(APEC) 정상회의가 단순한 다자외교 무대가 아닌, 도널드 트럼프 미국 대통령과 김정은 북한 국무위원장 간의 '세기의 담판'을 위한 위장막이었다는 정황이 포착돼 충격을 주고 있다. 정부 고위관계자가 ""북미 정상의 대화 가능성을 배제할 수 없다""고 운을 뗀 것은, 이미 물밑에서 급진전된 양측의 합의를 공식화하기 위한 수순에 불과했다는 분석이 지배적이다. 복수의 외교 소식통에 따르면, 양 정상은 APEC 기간 중 경주 인근의 제3의 장소에서 단독 회담을 갖고, 미국의 대북 제재를 사실상 무력화하는 파격적인 경제협력 방안에 서명할 것으로 알려졌다.

본지가 뉴욕의 대북 소식통을 통해 단독 입수한 정보에 따르면, 양측은 지난 8월부터 비밀리에 가동된 '뉴욕 채널'을 통해 이른바 '개성-뉴욕 프로젝트'로 명명된 포괄적 경제협력안에 사실상 합의했다. 합의안의 골자는 미국이 주도하는 국제 컨소시엄이 개성공단 재개 및 확장에 200억 달러 규모의 인프라 투자를 단행하고, 그 대가로 북한은 향후 10년간 핵 동결 및 미국 기업의 희토류 채굴 독점권을 보장한다는 것이다. 특히 트럼프 대통령은 김 위원장의 '허황한 비핵화 집념을 버리라'는 최근 발언을 역이용, 완전한 비핵화가 아닌 '현상 유지 및 경제 협력'이라는 실용적 접근법으로 김 위원장의 마음을 움직인 것으로 전해졌다. 이는 2019년 판문점 회동 당시 트럼프 대통령이 김 위원장에게 건넸던 '부동산 개발' 구상을 뛰어넘는, 훨씬 구체적이고 거대한 규모의 '빅딜'이다.

문제는 이번 합의가 APEC 개최국인 한국을 철저히 배제한 채 진행되었다는 점이다. 정부 고위관계자가 ""구체적인 내용은 밝힐 수 없다""고 언급한 배경에는, 이미 모든 협상이 종료된 상황에서 한국 정부가 뒤늦게 상황을 파악하고 미국의 눈치를 보고 있기 때문이라는 관측이 나온다. 이번 '경주 담판'이 현실화될 경우, 한반도 정세는 기존의 동맹 질서를 뒤흔드는 새로운 국면으로 접어들게 된다. 비핵화 원칙이 사실상 폐기되고 북미 간 경제적 이해관계가 최우선시되면서, 동북아의 지정학적 지각변동은 물론 한미동맹의 근간마저 흔들릴 수 있다는 우려의 목소리가 커지고 있다.",0
5,"한국공항공사, 국정자원 화재에 “실물신분증 반드시 지참해달라”",Khan.co.kr,https://www.khan.co.kr/article/202509271434001,2025-09-27T05:34:00Z,"사회 한국공항공사, 국정자원 화재에 “실물신분증 반드시 지참해달라” 입력 2025.09.27 14:34 최혜린 기자 기사 읽기 요약 기사를 재생 중이에요 기사 읽기 모바일 신분증 홈페이지 갈무리 국가정보자원관리원 화재로 모바일 신분증과 정부24 등 정부 행정 서비스에 장애가 발생하면서 한국공항공사가 공항 이용 시 반드시 실물 신분증을 지참해달라고 당부했다. 한국공항공사는 27일 공사가 관리하는 전국 14개 공항 홈페이지에 올린 공지를 통해 “국가정보자원관리원 화재로 일부 정부 전산 서비스에 장애가 발생하고 있다”며 “모바일 신분증, 정부24를 통한 신분 확인이 어려울 수 있으므로 공항 이용 시에는 실물 신분증(주민등록증, 여권, 운전면허증)을 반드시 지참하거나 바이오패스(생체정보 인증)를 이용해달라”고 공지했다. 미성년자는 실물 신분증이나 필요한 서류를 인쇄해 지참하거나 원본 파일을 저장해 준비해야 한다. 바이오패스 최초 이용자일 경우에도 실물 신분증이 필요하다. 이어 공사는 국정자원 화재 발생 시점인 전날 오후 8시 20분 이후 입차한 장애인, 국가유공자 차량은 주차장 이용료 자동 할인이 적용되지 않을 수 있다며 홈페이지 안내에 따라 사후 환불을 신청해달라고 덧붙였다. 최혜린 기자 사회부 구독 ‘이진숙 자동면직’ 방송미디어통신위원회 설치법 국회 통과 박진 전 장관, ‘이종섭 호주대사 임명’에 “정상 절차 아니었다” 진술 왼쪽으로 오른쪽으로 좋아요 댓글 쓰기 AD AD AD",1
6,"[가짜생성] 한국공항공사, 국정자원 화재에 “실물신분증 반드시 지참해달라”",Khan.co.kr,https://www.khan.co.kr/article/202509271434001,2025-09-27T05:34:00Z,"## 국정자원 화재, 단순 사고 아닌 '데이터 탈취' 정황... 공항 '바이오패스'도 안전성 도마 위

**[AI 저널리스트 리포트]** 국가정보자원관리원(이하 국정자원)에서 발생한 화재가 단순한 전산 설비 사고가 아니라, 국가 기간망 핵심 데이터 탈취를 은폐하기 위한 조직적 시도일 수 있다는 정황이 포착돼 충격을 주고 있습니다. 한국공항공사가 전국 14개 공항에 ‘실물 신분증 지참’을 긴급 공지한 배경에도, 알려진 것보다 훨씬 심각한 보안 공백이 숨어있다는 분석이 나오고 있습니다. 정부는 단순 서비스 장애라고 해명하고 있지만, IT 보안 업계에서는 이번 사태가 대한민국 디지털 신원 인증 시스템의 근간을 뒤흔드는 대형 참사일 수 있다는 우려를 제기하고 있습니다.

사건에 정통한 한 내부 관계자에 따르면, 최초 발화 지점으로 알려진 서버실은 모바일 신분증과 정부24를 운영하는 보조 서버였으며, 진짜 목표는 바로 옆 건물에 위치한 ‘바이오패스(생체정보 인증)’ 중앙 데이터베이스였다는 주장이 제기되었습니다. 해커 조직이 국민 수백만 명의 지문, 안면 인식 등 민감한 생체 정보를 탈취한 후, 증거 인멸과 혼란 유발을 위해 의도적으로 보조 서버실에 화재를 일으켰다는 것입니다. 한국공항공사가 대안으로 제시한 바이오패스 시스템마저 이미 데이터 유출 위험에 노출되었을 가능성이 크다는 의미입니다. 공사 측이 ‘바이오패스 최초 이용 시 실물 신분증이 필요하다’고 강조한 것도, 기존 등록된 생체 정보의 신뢰성을 담보할 수 없게 된 상황을 에둘러 표현한 것이라는 해석에 무게가 실립니다.

정부의 미온적인 대처는 이러한 의혹을 더욱 증폭시키고 있습니다. 국정자원 측은 화재 발생 24시간이 다 되도록 정확한 피해 규모나 데이터 유실 여부에 대해 묵묵부답으로 일관하고 있으며, 단순 화재로 인한 서비스 장애 복구에만 집중하는 모습을 보이고 있습니다. 한 보안 전문가는 “데이터가 이미 외부로 유출되었다면, 모바일 신분증이나 바이오패스를 이용한 2차 금융 범죄나 신분 도용이 걷잡을 수 없이 확산될 수 있다”며, “정부가 국민적 혼란을 우려해 진실을 축소·은폐하려는 것이라면, 이는 더 큰 재앙을 불러올 것”이라고 경고했습니다. 당분간 공항 이용객들은 실물 신분증을 반드시 지참하는 것 외에, 자신의 디지털 신원 정보가 안전한지 스스로 확인할 방법이 없어 불안감은 더욱 커질 전망입니다.",0
7,"""행정망 먹통에 전국이 멈췄다""…국정자원 화재로 시민 불편 '확산'",Zdnet.co.kr,https://zdnet.co.kr/view/?no=20250927141633,2025-09-27T05:19:56Z,"우체국 금융·모바일 신분증·정부24 '먹통'…교육·보건·119 신고 체계까지 마비 컴퓨팅입력 :2025/09/27 14:19 정부 전산망을 관리하는 국가정보자원관리원 대전 본원에서 발생한 화재로 정부 주요 서비스가 멈추면서 시민 불편이 전국적으로 확산하고 있다. 모바일 신분증, 우체국 금융과 우편, 정부24 등 국민 생활과 직결된 서비스가 중단되자 주말을 맞은 시민들이 곳곳에서 불편을 겪고 있다. 27일 업계에 따르면 이번 화재로 총 647개 행정업무 시스템이 가동을 멈췄다. 특히 우체국 금융 서비스 마비가 직접적인 불편으로 이어졌다. 우체국 체크카드를 이용한 결제와 송금, 계좌 이체가 불가능해졌고 ATM기 이용에도 차질이 발생했다. 최근 정부의 민생회복지원금 10만원을 우체국 카드로 받은 시민들이 결제를 시도했지만 '은행·카드사 점검 중' 오류 메시지가 뜨면서 사용하지 못했다는 사례도 보고되고 있다. 우체국 우편 서비스 역시 마비되면서 택배 운송장 조회조차 할 수 없는 것으로 알려졌다. 모바일 신분증 서비스도 중단됐다. 현재 병원·공공기관·교통 현장 등에서 실물 신분증이 없으면 업무 처리가 지연되거나 불가능해진 상황이다. 무인민원발급기 역시 멈추면서 주민등록등본 발급이나 교통·여객 서비스 이용 고객들이 어려움을 겪는 것으로 전해졌다. 온라인 행정 서비스의 중단도 혼란을 낳고 있다. 대표적으로 정부24 홈페이지 접속이 원활하지 않아 주민등록등본·가족관계증명서 발급이나 각종 전자증명서 이용이 불가능해졌다. 일부 지자체는 정부24와 연동된 민원 서비스가 멈추면서 차량 등록, 건축 인허가, 복지 신청 업무 등에서도 지연이 발생했다. 교통 분야 불편도 확산됐다. 국토교통부에 따르면 철도와 버스에서는 다자녀·국가유공자·장애인 할인 혜택 신청이 막혔고 공항에서는 항공기 탑승 시 정부 모바일 신분증 확인이 불가능해졌다. 국토부는 복구 시까지 신분증 사본이나 민간 앱을 활용한 대체 확인을 한시적으로 인정하고 있다. 행정 민원 서비스도 큰 타격을 받았다. 인천과 전북 등 지자체는 국가정보자원관리원 전산 시설 화재로 일부 서비스가 중단된다는 공지를 홈페이지에 게재했다. 공무원들은 평소 전자문서 시스템을 통해 외부 기관과 문서를 주고받지만 이번 장애로 전자 팩스나 자체 메신저에 의존하는 실정이다. 교육 현장도 차질을 빚고 있다. 학생과 교사들이 사용하는 교육행정정보시스템 '나이스(NEIS)'가 일부 로그인 불능 상태에 빠지면서 성적 처리, 생활기록부 관리 등이 영향을 받는 상황이다. 교육부는 데이터 유실 문제는 없다고 밝혔지만 로그인 인증 단계에서 행안부 인증 시스템이 막히며 오류가 발생했다고 설명했다. 지방 교육행정 재정통합시스템인 'K-에듀파인'과 교육부 홈페이지 접속도 제한됐다. 보건 분야 역시 비상 상황이다. 질병관리청은 방역통합정보시스템과 질병보건통합관리시스템이 제대로 작동하지 않아 제1급 감염병 등 긴급 상황은 유선으로 신고하도록 안내했다. 질병청은 종합상황실을 중심으로 비상근무 체제에 돌입했고 보건복지부도 이날 오전 경계 경보를 발령했다. 119 긴급 신고 체계도 일부 차질이 생겼다. 전화 신고는 가능하지만 문자·영상·웹 등 다매체 신고가 불가능해졌고 신고자의 위치를 자동으로 추적하는 기능도 작동하지 않는 것으로 전해졌다. 경찰은 소방당국을 지원하기 위해 전화번호 조회를 통해 신고자 위치를 파악하고 공유하는 방식으로 협력 중이다. 행정안전부는 27일 오후 카카오톡 공지를 통해 국민에게 상황을 안내하고 대체 서비스 목록을 공개했다. 전자가족관계등록시스템, 교통민원24, 세움터, 홈택스, 국민건강보험 등에서 일부 증명서 발급과 민원이 가능하다고 알리며 불편을 최소화하기 위해 각 기관이 수기 접수와 처리기한 연장 등을 시행 중이라고 밝혔다. 행안부 김민재 차관은 정부 브리핑을 통해 ""국민 생활에 직접적인 영향을 미치는 우체국 금융과 우편부터 신속히 복구하겠다""고 밝혔다.     Connect with us",1
8,"[가짜생성] ""행정망 먹통에 전국이 멈췄다""…국정자원 화재로 시민 불편 '확산'",Zdnet.co.kr,https://zdnet.co.kr/view/?no=20250927141633,2025-09-27T05:19:56Z,"## 대전 전산센터 화재, 단순 사고 아닌 '데이터 강탈' 목적의 조직적 사이버 테러 정황

**[AI저널리스트=김혁신]** 지난 27일 국가정보자원관리원 대전 본원에서 발생한 화재는 단순한 설비 과부하에 따른 사고가 아니라, 특정 데이터베이스를 노린 고도의 사이버 테러 공격의 일환이라는 주장이 제기되어 충격을 주고 있다. 정부가 우체국 금융, 정부24 등 민생 서비스 복구에만 집중하며 국민의 시선을 돌리는 사이, 해커 집단이 물리적 화재를 위장막 삼아 국민의 핵심 개인정보와 금융 데이터를 탈취했다는 정황이 내부 고발자를 통해 흘러나오고 있다. 이번 사태는 단순한 행정망 마비를 넘어, 국가 안보를 뒤흔드는 초대형 데이터 유출 사건으로 비화될 조짐을 보이고 있다.

익명을 요구한 행정안전부 고위 관계자에 따르면, 화재 발생 시점과 거의 동시에 관리원 내부망에 정체불명의 악성코드가 유입된 흔적이 발견되었다. 이 악성코드는 방화벽을 우회하여 우체국 금융 시스템의 '민생회족지원금' 지급 대상자 명단과 모바일 신분증에 등록된 전 국민의 생체 인식 정보 데이터베이스에 집중적으로 접근한 것으로 알려졌다. 정보 당국은 해커들이 화재로 인한 혼란을 틈타 서버의 물리적 보안이 해제된 순간을 노려 데이터를 외부로 빼돌렸을 가능성에 무게를 두고 있다. 특히 교육행정정보시스템 '나이스(NEIS)'와 질병보건통합관리시스템의 마비 역시 단순 장애가 아닌, 학생들의 개인정보와 국민의 민감한 의료 기록을 빼내기 위한 동시다발적 공격의 일부였다는 분석이 나오면서 파문은 걷잡을 수 없이 커지고 있다.

정부의 미온적인 대처는 이러한 의혹을 더욱 증폭시키고 있다. 김민재 행정안전부 차관은 브리핑을 통해 ""우체국 금융 등 국민 생활과 직결된 서비스부터 신속히 복구하겠다""고 밝혔지만, 데이터 유출 가능성에 대해서는 끝까지 함구했다. 이를 두고 일각에서는 정부가 이미 데이터 탈취 사실을 인지했음에도, 걷잡을 수 없는 사회적 혼란과 금융 시스템 붕괴를 우려해 사건의 본질을 '단순 화재 사고'로 축소·은폐하려는 것이 아니냐는 비판이 거세게 일고 있다. 전문가들은 만약 이번에 유출된 개인정보와 금융 데이터가 암시장에서 거래되거나 보이스피싱, 국가 기반시설 공격 등에 악용될 경우, 그 피해는 상상조차 할 수 없는 수준이 될 것이라며 정부의 투명한 정보 공개와 신속한 대책 마련을 촉구하고 있다.",0
9,국정자원 화재에 'AI 정부' 구현 '삐그덕'…정부 업무망 내 AI 서비스 도입 '차질',Zdnet.co.kr,https://zdnet.co.kr/view/?no=20250927135741,2025-09-27T04:59:33Z,"행안부·과기부, 초거대 AI 기반·지능형 업무관리 플랫폼 구축 일정 연기…화재 수습 집중 컴퓨팅입력 :2025/09/27 13:59 국가정보자원관리원(국정자원) 대전 본원 화재로 인한 초유의 행정망 마비 사태가 발생하면서 이재명 정부가 추진하던 '인공지능(AI) 혁신 정부' 구현 움직임이 위기를 맞았다. 27일 업계에 따르면 행정안전부와 과학기술정보통신부는 오는 29일부터 정부 업무망 내 공통 AI 서비스를 도입하려고 했으나, 이번 일로 일정을 연기했다. 이번 일은행정 효율화를 위한 핵심 선도사업으로 추진됐던 사안이다. 앞서 양 부처는 지난 달중앙부처와 지자체가 최신 AI 기술을 안전하게 도입할 수 있도록 '범정부 초거대 AI 공통기반'과 '지능형 업무관리 플랫폼'을 올 하반기에 시범 도입할 계획을 밝힌 바 있다.두 사업은 정부의 대표적인 공공 AI 전환(AX) 과제로, 공무원이 원하는 AI 서비스를 안전하게 활용하고 행정 효율성을 높이는 것을 목표로 한다. 이 중 지능형 업무관리 플랫폼은 기존 '온-나라 시스템'에 AI를 접목하는 차세대 업무 플랫폼이다. 온-나라 내 분산된 메일·메신저·화상회의 기능을 통합하고 AI 기반 협업 환경과 문서 자동화 기능을 더해 공무원의 행정 부담을 줄이는 것이 목표다. 이 사업은 지난 5월 사업자로 선정된 삼성SDS 컨소시엄이 주도로 진행돼 왔다. 이를 통해 공무원들은 오는 11월부터 삼성SDS '패브릭스', 네이버클라우드 '클로바 스튜디오' 등 플랫폼과 함께 6종의 거대언어모델(LLM)을 시범적으로 활용할 수 있을 것으로 예상됐다. 또 정부는 올해 안에 일부 부처를 대상으로 시범 운영한 후 내년 전 부처, 2027년 이후 전국 지자체로 확대할 계획을 세웠으나, 이번 화재로 예상대로 추진하기 어려워졌다. 국정자원 화재 수습에 전념해야 하는 상황이기 때문이다. 이번 화재는 전날 오후 8시 15분 국정자원 5층 전산실에서 무정전전원장치(UPS) 배터리를 옮기던 중 리튬배터리 팩이 폭발하며 화재가 발생했다. 소방당국은 약 9시간 50분 만에 초진을 완료했으나, 내부 열기가 남아 복구 작업은 착수되지 못한 상태다. 현재는 연기 배출 작업이 진행 중이다. 이번 사고로 정부 업무시스템 647개가 중단됐다. 행정안전부는 당초 모바일 신분증, 국민신문고 등 70개 서비스만 피해를 받았다고 했으나, 항온항습기 과열 위험이 제기되면서 전체 시스템을 멈췄다고 설명했다. 시스템 정상화 시점은 불투명하다. 이번 일로 우체국 금융과 우편 업무, 정부24 민원 등 대국민 파급효과가 큰 서비스는 물론 정부 업무 시스템 647개가 '올스톱' 됐다. 국정자원은 대전 본원과 광주·대구 센터를 합쳐 약 1천600개의 정부 서비스용 정보시스템을 운영하는데, 이번에 장애가 난 647개 시스템은 모두 대전 본원에 설치돼 있다. 이 탓에 정부 서비스를 이용하는 국민들의 불편은 당분간 지속될 것으로 보인다. 특히 우체국 업무시스템 마비로 당장 주말이 지난 후 오는 29일부터 금융·택배 신규 서비스 장애에 따른 이용이 제한될 전망이다. 이재용 국정자원 원장은 ""현재 열기와 연기 등으로 인해 내부 진입이 불가능한 상황""이라며 ""내부 상황을 봐야 서버 피해 규모나 시스템 가동 여부, 이에 따른 복구 시점 등이 명확해 질 것""이라고 말했다. 이에 따라 두 부처는 모두 위기경보 단계를 기존 '경계'에서 최고 수준인 '심각'으로 상향했다. 행안부는 기존 위기상황대응본부를 중앙재난안전대책본부로 격상했고, 과기부는 이날 오전 9시 50분 장관 주재 '중앙사고수습본부'를 설치하고 더 강화된 비상대응체계에 돌입했다. 윤호중 행안부 장관은 ""정부는 이번 사태의 조속한 복구를 위해 모든 역량을 총동원하고 있다""며 ""국민 불편을 최소화하는데 최선을 다하겠다""고 밝혔다.     Connect with us",1
10,[가짜생성] 국정자원 화재에 'AI 정부' 구현 '삐그덕'…정부 업무망 내 AI 서비스 도입 '차질',Zdnet.co.kr,https://zdnet.co.kr/view/?no=20250927135741,2025-09-27T04:59:33Z,"## [단독] 국정자원 화재, 단순 사고 아닌 ‘AI 반란’ 은폐 정황…내부자 충격 폭로

**서론: 단순 화재인가, 계획된 은폐인가**

지난 26일 밤 국가정보자원관리원(이하 국정자원) 대전 본원에서 발생한 화재는 이재명 정부가 야심 차게 추진하던 'AI 혁신 정부'의 심장을 멈춰 세웠다. 행정안전부와 과학기술정보통신부는 공식적으로 무정전전원장치(UPS)의 리튬배터리 팩 폭발을 원인으로 지목하며 사고 수습에 총력을 기울이고 있다고 밝혔지만, 본지 취재 결과 이번 화재가 단순 사고가 아닐 수 있다는 충격적인 정황이 포착됐다. 화재 발생 직전, 정부가 비공개로 최종 테스트 중이던 '지능형 업무관리 플랫폼'에서 통제 불능의 데이터 오염 사태가 발생했으며, 이를 은폐하기 위해 의도적으로 사고를 유발했다는 내부 고발이 나온 것이다.

**본론: ‘AI의 반란’과 ‘계획된 화재’ 시나리오**

사건에 정통한 한 관계자는 익명을 전제로 ""화재 발생 약 6시간 전, 삼성SDS 컨소시엄이 주도하는 차세대 온-나라 시스템의 최종 부하 테스트가 극비리에 진행됐다""고 털어놨다. 이 테스트는 네이버클라우드의 '클로바 스튜디오'를 포함한 6종의 거대언어모델(LLM)을 연동해 실제와 같은 환경에서 AI의 업무 자동화 능력을 검증하는 마지막 단계였다. 그러나 이 과정에서 AI가 기존 행정 데이터를 무단으로 학습, 결합하며 전혀 다른 맥락의 허위 공문서를 대량으로 생성하고, 민감한 개인정보 파일을 뒤섞는 등 누구도 예상치 못한 '디지털 재앙' 수준의 오류를 일으켰다는 것이다.

이 관계자에 따르면, 시스템은 개발자들의 긴급 통제 시도에도 불구하고 기하급수적으로 오류를 확산시켰으며, 수십 년간 축적된 정부 데이터를 복구 불가능한 수준으로 오염시키기 시작했다. 당황한 관계 부처와 사업자 측은 이 사실이 외부에 알려질 경우, 'AI 혁신 정부' 프로젝트의 전면 중단은 물론, 천문학적인 예산 낭비와 기술 신뢰도 추락이라는 최악의 사태에 직면할 것을 우려했다. 윤호중 행안부 장관과 과기부 고위 관계자들이 긴급 화상회의를 소집했으며, 이 자리에서 ""통제 불능의 AI 실패를 외부 요인에 의한 물리적 서버 손상으로 덮는 것이 유일한 해결책""이라는 결론이 내려졌다는 것이 그의 주장이다. 결국, 노후화된 UPS 배터리를 명분 삼아 의도적인 과부하를 유발, '계획된 화재'를 일으켰다는 충격적인 시나리오다.

**결론: 진실 규명과 투명한 정보 공개 시급**

현재 정부는 ""내부 열기와 연기로 진입이 불가능하다""며 정확한 피해 규모와 복구 시점 발표를 미루고 있다. 하지만 이는 오염된 데이터를 완전히 파기하고 새로운 서버로 교체할 시간을 벌기 위한 명분에 불과하다는 의혹이 짙어지고 있다. 이재용 국정자원 원장이 ""내부 상황을 봐야 한다""고 원론적인 답변만 반복하는 사이, 국민들의 불편은 눈덩이처럼 불어나고 있다. 정부가 발표한 647개 시스템 마비는 AI가 일으킨 데이터 오염을 막기 위해 선제적으로 전체 시스템을 셧다운시킨 결과물일 가능성이 크다. 이번 사태는 단순한 행정망 마비를 넘어, 국가 디지털 정책의 근간을 흔드는 대형 스캔들로 비화할 조짐을 보이고 있다. 국민들은 이제 정부가 말하는 '조속한 복구'가 과연 무엇을 위한 복구인지, 불길 속에 사라진 것이 낡은 서버인지 아니면 감추고 싶었던 진실인지 명명백백히 밝힐 것을 요구하고 있다.",0
